<options_model>
	<string>
		<name>string</name>
		<description>Just a string.</description>
		<max_length>20</max_length>
	</string>
	<string>
		<name>string2</name>
		<description>Just another string.</description>
		<min_length>5</min_length>
	</string>
	<file>
		<name>file</name>
		<description>Just a file.</description>
		<extensions>gif jpeg jpg png bmp</extensions>
	</file>
	<enum>
		<name>enum</name>
		<description>Just an enum.</description>
		<default>ORANGE</default>
		<values>RED ORANGE YELLOW GREEN BLUE INDIGO VIOLET</values>
	</enum>
	<integer>
		<name>integer</name>
		<description>Just an integer.</description>
		<min>0</min>
	</integer>
	<decimal>
		<name>decimal</name>
		<description>Just an decimal.</description>
		<min>-1.0</min>
		<max>1.0</max>
	</decimal>
</options_model>

