<?xml version="1.0" encoding="UTF-8" standalone="yes"?>
<options>
    <string name="string">
        <value>Hellooooooooooo</value>
    </string>
    <string name="string2">
        <value>World!</value>
    </string>
    <file name="file">
        <value>/home/vlad/Pictures/xpilot_sm.jpg</value>
    </file>
    <enum name="enum">
        <value>RED</value>
    </enum>
    <integer name="integer">
        <value>0</value>
    </integer>
    <decimal name="decimal">
        <value>0.75</value>
    </decimal>
</options>
